,intercept,be_me,ope_be,at_gr1,ret_12_1,me
1995-01-31,0.021738345575825095,-0.24367886143665446,-0.043265800208047434,-0.06512550978899813,-0.05858167410616388,-0.027475257779548984
1995-02-28,0.003065513013497273,0.026618396496647895,-0.02579460708897655,0.013897188109139357,0.08608565045031799,-0.02294120281639246
1995-03-31,-0.024942975557898137,0.10972477121162294,0.035994862161821066,0.02167813592234154,0.009925008963102167,0.0015324039369965891
1995-04-30,0.04231917680759764,-0.018245813115267514,0.04293983284355022,0.08718152941851387,-0.09429881328438132,0.013607816375879126
1995-05-31,-0.01721030371609446,0.003420079877517771,-0.013262413657910274,-0.009907480859941543,0.01017589089728803,0.0008326815586694353
1995-06-30,0.018985330251654206,0.04207364464913531,-0.008510707243377479,-0.021302547677820152,0.04050275779470312,-0.031795081595693296
1995-07-31,-0.043891456896645024,0.04765162989964616,0.04297901595644466,-0.07466170209535423,0.024354861701531966,-0.05895262464205811
1995-08-31,0.003276688601967705,0.027102186990049508,-0.024056531501692527,0.005167443571952014,-0.008483576104192397,-0.01445439429718556
1995-09-30,-0.030058588132012176,0.01519775892282527,0.017709839357260372,-0.03328530475235819,0.07427601961366435,-0.02732302641296911
1995-10-31,-0.0532093541288024,-0.01269427938849669,0.025209665205554805,-0.03589521267719237,0.01610049390448263,0.0193767174153657
1995-11-30,0.012551329399472302,-0.0749380465373598,0.03644178710231744,0.016110712266006112,-0.041884701014134586,0.03399971613718969
1995-12-31,0.03434583906936369,-0.018509825131571137,0.011110098424619503,-0.022656710158369852,0.11160534642572127,-0.014548897422193407
1996-01-31,0.021232729473030936,-0.04095397304470237,0.04667781677401862,0.04000453976183969,-0.028819740932167548,-0.0554005358238541
1996-02-29,0.014812188605613104,-0.04520041630243187,0.027378988922271533,-0.024948695636306424,-0.004920196943319448,0.018883595188245898
1996-03-31,0.06393399068164479,0.031326884839641043,-0.07284431882092016,-0.006725356829224673,-0.0922464782551811,0.07609560302359888
1996-04-30,-0.04203241950580413,0.06516667033681751,0.007930679637481801,-0.031115638179010034,0.02106413560674196,0.0027241455824922015
1996-05-31,-0.0017935119071701012,-0.03601948159061952,0.05055357599448369,-0.014552846021745225,0.04052539748940358,-0.026039117274861547
1996-06-30,-0.04032230257896194,0.06478007053755659,-0.002537556305524788,-0.010255601153600191,0.0894373323295752,-0.03679768853195479
1996-07-31,0.005921280079696702,-0.07936835522753767,-0.017352483757348266,-0.020493035972535708,0.05849311252335987,0.001359795030913239
1996-08-31,0.007536966960038183,-0.034940553788866145,-0.043795497767077814,0.017485430621423128,0.0739554060167207,-0.023209516560476963
1996-09-30,-0.01971320935788985,-0.007725011528364917,0.025058510794081834,0.024592552172130685,0.07478589459719354,-0.021793219236144842
1996-10-31,-0.009666568004799186,0.058334906615939236,0.025841637112203216,-0.0069370976689012015,0.09223410690773926,-0.01152025481159414
1996-11-30,-0.02037430399571067,0.039583468515604944,0.04477979877926456,0.00804400542401016,0.010053834540626218,-0.024213056641600072
1996-12-31,0.060012234419299725,0.025163397538582735,0.016956425161673668,0.033612981466471875,0.11296088965418284,-0.023827428473121085
1997-01-31,0.030917709998889917,-0.04107823867491366,-0.0231285587492699,-0.040571549268623365,0.1267807927285981,0.015197627810837501
1997-02-28,-0.02318346667877261,0.044101034677242294,0.05224923923390469,-0.03265710380452973,0.09885576683336107,-0.006626799749175946
1997-03-31,-0.019227980396289906,0.14835774290232467,0.01682575000318834,0.001704129353346381,0.006115305675998635,-0.01824733992358381
1997-04-30,-0.026826637181485584,0.009808863591550176,0.029559324730588508,0.006338211506075686,0.026111911322576536,0.03633034571840628
1997-05-31,0.004777696189021362,0.014768862723325817,0.04831731549684233,-0.0019227270050305428,0.09090239895450594,0.011478757075575713
1997-06-30,0.005235602615016821,0.012861940321275488,0.05372420678029405,-0.019959299902974487,-0.08909345771020966,-0.06692372009059003
1997-07-31,-0.11420560889799147,0.18409554824744828,0.0611688220553559,-0.13080318892225629,0.11678966305845155,-0.08435184121643158
1997-08-31,-0.04254112636083718,-0.02203422896952427,0.036940291281960816,-0.025515341637559773,0.060917260828091235,0.015391452425942526
1997-09-30,-0.16526574316369894,1.4628183765505515e-05,0.05974866200179926,0.00567014025872838,0.10008867796959957,-0.07604421323394742
1997-10-31,-0.16272122970538544,0.05781294975792797,0.03287397075926254,-0.0407700090389306,0.2848755048412246,0.011248480610332661
1997-11-30,-0.14820353561862307,-0.010280342876235369,-0.013311471235577842,0.01618112717342439,0.32164706099229834,0.07698336154221985
1997-12-31,-0.000815983026846398,0.02333084049194052,-0.07884061343887537,-0.15849151149351143,-0.008377119768289469,-0.14768505259166378
1998-01-31,0.19375780330542366,0.24067780999325147,0.0937068923118196,0.25349006906568394,-0.5359071384260454,0.11739556208072204
1998-02-28,0.06673985179163962,0.07827867988157759,0.04391916138024181,-0.027494080432767624,0.004590927166246959,-0.1629676578738856
1998-03-31,-0.04333185856906319,0.035167208700648746,0.06667363962882836,-0.004425118438640103,0.3728098448114822,-0.10681824132940948
1998-04-30,-0.11834542653777086,0.0018641443311735776,-0.013965575459255882,0.11578392342417386,0.30900301296063487,-0.0749280588245297
1998-05-31,-0.1539144946057872,0.012874565690930257,-0.005150216467595507,0.011137761401606574,0.16992812422532136,0.04161745204039536
1998-06-30,0.04721696811166128,-0.013324018487554377,0.06566323482471086,-0.19911666317276694,-0.1385170863363,-0.05836514366298231
1998-07-31,-0.1517341811262322,0.013549181323549155,0.025716778431190673,-0.0509652831963135,0.02613183709917657,-0.2034212488496456
1998-08-31,0.08321654980927917,0.16314911782017355,-0.009443874812737885,0.08878087877360798,-0.2117054043565603,0.1026167492771266
1998-09-30,0.09270152340881047,0.16170185397288556,0.018904828383129662,-0.15137551563031026,-0.11223906671239466,-0.07639284141652486
1998-10-31,0.17712383402218096,0.014087912197604479,-0.027044285727645632,-0.1586951003722331,-0.5950967401153882,-0.06937683190093123
1998-11-30,0.014652434910812724,0.0569505383823225,0.08366039563458484,-0.14505291451174074,0.008426493477357109,-0.0008252686661666728
1998-12-31,0.03055725575825601,-0.05090064052198786,-0.03412696060976985,-0.03040842207584645,0.11716400922615192,-0.14682547757523362
1999-01-31,-0.04307436008629131,-0.004907534773046313,0.056309522552517303,0.10842950168511109,-0.06138171160388923,0.0517143631343076
1999-02-28,0.061140815201726,0.05254134069411776,0.027188511519541613,0.11571703206581775,0.11481190585598842,0.09160873759507246
1999-03-31,0.13845585220170456,0.16912319305780002,-0.034328004868699365,-0.30654410422150946,-0.07830954314086418,0.1068440915202381
1999-04-30,0.07690263291407785,0.1313874873412495,0.03847460161272011,-0.1742092967705164,-0.032315820280595584,-0.0968724170240224
1999-05-31,0.15285830542606363,0.06345362793707712,-0.08205657589035242,-0.12893770371241356,0.07051239888591837,-0.15059946882816924
1999-06-30,0.006541683572933124,-0.01692145912449709,0.0661180433931464,0.05960343610663695,0.055119359321646605,-0.11231313246255148
1999-07-31,0.02552463124524127,0.011453525479224546,0.05514528273613222,-0.0027825702784963504,-0.13918656889813907,-0.038280062952502907
1999-08-31,-0.0418252206506025,-0.04556487212813989,0.06566138969833882,-0.09242122125949065,-0.1073815334140398,0.0011809479026370377
1999-09-30,0.026120871381387665,0.021552136392928356,-0.004282964348371761,-0.09899330671273052,0.08922993060286545,-0.03977157228947176
1999-10-31,0.011301302904892273,-0.002826808946005127,0.07531594724355631,0.027273186539224996,0.03197947712783362,0.02140934355083769
1999-11-30,0.07211972755428962,-0.06217784443058092,0.03994357792024545,-0.06501010041414447,-0.0003223463493085753,-0.034685201699024434
1999-12-31,0.04825327668037966,-0.08700610080209441,-0.01918155668888636,-0.08332361040227648,-0.15279792562503888,0.05393522628315203
2000-01-31,0.001760939620428267,-0.09712327497094488,-0.017457994930471486,-0.21161471974418128,0.018047478647829865,-0.09940037743100848
2000-02-29,0.002190804568534546,-0.0295580437944214,-0.014791143630556615,0.01888281460235679,-0.030639270728764604,-0.058596449335693274
2000-03-31,-0.09217917780887541,0.028935293975374612,0.030623407973905167,0.027842632603126586,-0.0223249731495202,-0.04239750822803716
2000-04-30,-0.05936897924589521,0.015304289225775695,0.0431754514752564,0.03500549032730526,0.023707782823765646,0.06095328516664059
2000-05-31,-0.013424579806685204,0.11968607770310669,0.09355378659232085,-0.022732123817931202,-0.05827609317962761,-0.02754627372922411
2000-06-30,-0.042516947951234514,-0.011210268031646363,0.036252859791518356,0.01606824306120843,0.027280412305525723,-0.0261915753837541
2000-07-31,0.004704186189207159,-0.0066310758567899655,0.053480443910874226,-0.01977762686749365,-0.07118534718289346,-0.15381702742680442
2000-08-31,-0.08349750841396636,0.02769642686768615,0.05913609948151599,-0.043940268847867045,-0.04297812933313854,-0.037262179643921055
2000-09-30,-0.09117384764755426,0.004927543262357747,0.018248684350358934,-0.023075838408684254,0.14182947032620655,-0.010587055776833125
2000-10-31,-0.03431551543823065,0.03602336693881991,0.02179910568917405,-0.017700838145550544,-0.021975597043658153,-0.08339138632046336
2000-11-30,-0.022532557910181182,0.009874339578172825,0.06621748573436116,-0.11001502335136816,0.002540526188960621,0.02044133973481261
2000-12-31,0.09568061932949047,0.16708626445590477,-0.03659402441287233,-0.01385370841627217,-0.13767284955684264,0.07447849006155588
2001-01-31,-0.011266500070216661,0.07602156546852132,0.04436165461675227,0.014676036912633889,0.03341740735826475,-0.0525194809763273
2001-02-28,-0.06458181889224646,-0.11526440113058416,-0.017685197378971586,-0.025866042797800942,0.0968235052480485,0.09272375126857622
2001-03-31,0.0033691885354476406,0.008688325886656467,0.03521906105240138,-0.015651449124838505,0.02141901268455548,0.00994869396933971
2001-04-30,0.0458835088032113,0.04119954014296728,0.05535869217232341,-0.030096330906043908,0.049225397733196466,-0.09285213279046714
2001-05-31,-0.01586377639509453,0.0022516577519718062,0.028647771526470682,-0.05231863398399084,0.041705084296231106,-0.019674456355395806
2001-06-30,-0.04443368604886835,0.071367512487559,0.0295763829634684,-0.0976165721014048,-0.09987501221500357,-0.08371447553129113
2001-07-31,0.017376500156178462,0.06268578378181983,0.004880508663102759,-0.03363813879427835,-0.01886057599537463,-0.007963517601456232
2001-08-31,-0.14267660239568988,-0.023788442191469097,-0.010960605931819401,0.047142824853249755,0.14224960556360158,0.019770735147688148
2001-09-30,0.04691518341700196,0.07805668198915697,0.05056910898411143,0.07291471525093636,-0.05227381258837216,-0.1297561862085005
2001-10-31,0.10927174001781323,0.08994439966422905,-0.003842457532720919,0.005591219772894545,-0.14599570994798336,-0.006142921758195814
2001-11-30,0.008973478993224933,0.14396371881616474,0.03457972719672282,0.0073837333792704934,-0.03842648998645708,0.07464769654857041
2001-12-31,0.03946164504896859,0.1769688236251902,0.05695944192488512,-0.06449373134409009,0.03008110328756866,-0.06001704871332833
2002-01-31,-0.00031088999510396907,0.01327417760421645,0.0038993032880972204,-0.03193058891328301,0.048845238847369556,0.02546742764087003
2002-02-28,0.06980957584032176,0.01930131859392845,0.028575451526736,-0.0145822238275944,-0.0010039942067244358,0.0450779981950702
2002-03-31,0.04064054711406613,0.05250969189853715,0.026828926904325718,-0.03171888818674456,-0.05077811901501707,-0.028843012777869624
2002-04-30,-0.004091783398109493,0.08012885640273992,0.0697921534244287,-0.0448657150859318,-0.026739777949851114,-0.09793929952483672
2002-05-31,0.007428965385361144,-0.046755867313833466,-0.021094951318700397,0.0712700485906509,-0.024511213889104436,-0.05026271276660367
2002-06-30,-0.03575177650726104,-0.014119672568685529,0.009801362370187567,-0.015637976915136322,0.01836079080293109,0.0019978206506935246
2002-07-31,-0.01009265978591631,0.011845556025980737,0.03327705093763641,0.022792749276261532,-0.012732769825563416,0.026986670679039388
2002-08-31,-0.09606654093617163,-0.0471975792014548,0.03855814558010809,0.003311873908730586,0.026391943227650826,-0.016909365455581127
2002-09-30,0.014495292234668005,0.06821138968882373,0.0378421296832553,-0.057743341899370824,0.05903810192622756,-0.0012482061841106139
2002-10-31,0.03869932971453805,0.08402450735590192,0.05417441974660294,-0.039520079792828525,0.04219694758685986,-0.06758727280118491
2002-11-30,-0.03299124047026719,0.05889632287118866,0.018887330870142757,0.005708432139792225,0.09710630775431942,-0.0001820046337329091
2002-12-31,0.02811092237700434,-0.05308995552698843,-0.0656123340810752,-0.02883226132665517,-0.00541357913011583,0.05666714003746862
2003-01-31,-0.019228558505112747,-0.04522372404153568,0.028020870668840295,0.009123002841821326,0.026746509111982012,-0.032190990840356225
2003-02-28,-0.057865327437455545,0.025664259088819488,-0.004588578338037107,0.0012001219384822335,0.04907206246606462,0.05965329484923146
2003-03-31,0.07577434727903586,0.12364163624786893,0.0943639941255722,0.010008306070165621,-0.05958554593689307,-0.10686113148058779
2003-04-30,0.09742450714308724,0.10745410635740012,0.0038804645025443964,-0.0003440321840343217,0.013215578384992406,-0.03662344269658771
2003-05-31,0.06163335976434424,0.13938196460202143,0.04350566421003181,-0.0307291735369673,-0.05078927932484172,-0.05399506615205905
2003-06-30,0.05578300187137624,0.09409764042305425,0.04995079909411638,-0.027103142334821115,-0.005908661369438327,-0.041831017422647616
2003-07-31,0.04964576449077636,0.06881719035888863,0.009697642975747307,-0.01942983109717315,0.11835302126500052,-0.04303330198081866
2003-08-31,-0.009513797633614606,0.0063196042813707075,0.045879154323749914,0.006078129517121511,0.0812177760905972,0.006887481311171997
2003-09-30,0.03201961246194467,0.08528234328499064,0.02868625793602997,-0.020497502989215342,0.1420346997646959,0.029719235625234777
2003-10-31,0.023013498124041673,0.04870234207860689,0.03836517530792111,0.027191037622756844,0.032762611789062146,-0.0328097514981627
2003-11-30,0.07073862401589903,0.09046655982269697,0.03682916559436495,0.02555683676194638,0.07417521763834345,-0.068365474676501
2003-12-31,0.02870789571144087,0.01594498622593248,-0.030615257728538632,-0.016428551413369574,-0.07308577981908852,0.08885982369761368
2004-01-31,0.0367837765805728,-0.006277664536801619,-0.017073372069583873,-4.274068794613412e-05,-0.07822868255655381,0.06072285529976791
2004-02-29,0.001986738536213267,-0.004542446208192514,0.002078473785708676,0.03359554312005282,-0.023487554640221887,0.019399214633132378
2004-03-31,-0.022470262376962962,0.052882986003042594,0.02964054416569856,-0.004922237399589115,0.05631552666166516,-0.10137698273003688
2004-04-30,-0.05615837271501216,-0.006593278473241351,0.006379692032553255,0.022055279037957343,-0.05280139832346805,0.02551598774979265
2004-05-31,-0.03598522177868299,0.08639436593251783,0.07472232328807987,0.0028689971134810296,0.07314520272997463,-0.022301653855057044
2004-06-30,0.0007052003382185389,0.05883065439084802,0.02553206845090042,-0.0009286783980048536,0.06465226748421242,-0.03095063988876079
2004-07-31,0.01855204171036353,0.09859939363925822,0.0714650472833876,0.003612179824209421,0.05690390094414668,-0.024802289696980218
2004-08-31,0.052276990925194264,0.04624519893797127,0.018105791361637882,0.01436311417865829,0.07358744847571348,-0.022130140820542776
2004-09-30,0.004260622402591897,0.08378546730644273,0.045774391913650986,0.026660028077681076,0.09115838004226462,-0.036552481924726786
2004-10-31,0.08875137301900006,0.06177609352876975,0.04163504301913767,-0.005335617719941127,0.06394879617752709,-0.03903626686366539
2004-11-30,0.03474530443288233,0.10041409574408879,0.033432335914057434,0.02986760436679303,0.12295894693670444,-0.044464370684994994
2004-12-31,0.03451433342997787,0.04847030285020165,0.04013564151438786,-0.028669830936040076,0.057796420485348464,-0.1455738010455908
2005-01-31,0.0815572830555184,0.021473570438921386,0.01768110337580463,-0.0011466397517121889,0.052781206131286854,-0.026195698978799697
2005-02-28,-0.0617982702420216,0.035983155708613754,0.017506938261372073,0.012866691515955762,0.07575444949056383,-0.007625198551336481
2005-03-31,-0.04190569520375331,5.1753183783736775e-05,0.027998816490185388,0.007118097782277862,0.08953657481528841,0.0068218262660130115
2005-04-30,0.00777972977383614,0.012237327095803599,-0.0029621979929513884,-0.0048606957316471525,0.12931028488286533,-0.02404701052166984
2005-05-31,0.03813069517912881,0.03591821844354947,-0.021562369420208873,0.01781730057902864,0.0567882501548282,-0.005107246255725304
2005-06-30,0.0503140887414416,0.026143791450054122,0.009324056991577321,0.019187903104364336,0.16697457195669466,-0.0797664713613156
2005-07-31,0.024894288264136723,-0.07945833402872134,-0.038783598833069505,-0.02623854941866474,-0.015277582325743737,-0.00696613531859639
2005-08-31,0.033475906952614806,0.02223700005846303,0.005299969640088787,0.04749783132945518,0.058116424923402826,0.040740877274682286
2005-09-30,-0.04323762199857129,0.019025401498137688,-0.007607144502326675,0.020881980522813648,0.026616495013111426,-0.016770480843789102
2005-10-31,0.05226988573225545,0.02040084048475978,0.0022347428372239014,0.016332942722906422,0.17038401923459126,-0.026890123958757943
2005-11-30,0.04940138540720804,0.0005282359783280301,0.04711153488630848,0.02877313576929482,0.023747363376337406,-0.01585198592428986
2005-12-31,0.06978548627759622,-0.017453739615054184,-0.015104215066963014,-0.003563848987206709,0.0030180466854278017,-0.011185605065498113
2006-01-31,0.007894230710601144,-0.007402100512482965,0.005855120814618991,-0.007985932546950434,-0.03382071662221131,-0.012077778788118556
2006-02-28,0.006383528191467331,0.00992194747602947,0.040516705640215415,0.013396569130273381,0.021778823889583777,-0.05527077706754265
2006-03-31,0.07287658089184627,0.0608556498047594,0.03237520309348847,0.0060997414342235535,0.017325116125078716,-0.0291028362030779
2006-04-30,-0.02920338013432133,-0.020555329807551842,-0.07349085155737661,-0.03287716626183412,-0.14897480847429048,0.05793295449676096
2006-05-31,-0.03845076565269172,-0.005803824580329869,-0.047508928348949625,-0.0026086155356650274,-0.052628508454629595,0.05406895236040556
2006-06-30,-0.009875632564857531,0.03478876060150222,0.03261971656553666,-0.012077013010704163,0.046826918513392525,-0.01330390270180836
2006-07-31,0.035307591595724525,-0.0003809487357018505,0.042781184788539525,0.03065730337399709,-0.007134674649790995,-0.012489993912274748
2006-08-31,0.0378353443464698,-0.03196956171190877,-0.016769357381167194,0.003211311612651581,-0.0019530987902724578,-0.004656866962149162
2006-09-30,0.041538949925222855,0.0670132159866542,0.04320185113450774,0.0010321018238582586,0.04630533434084459,-0.0419234302573917
2006-10-31,0.06807527101941546,0.08078394650865925,0.027548255800144365,-0.023642354979457894,0.0794153973719224,-0.0457016411942507
2006-11-30,0.036554337173336386,0.030791658001014157,0.016310223565493602,-0.029144061806353833,0.05544101802999156,-0.0009077621534028078
2006-12-31,0.04613884654708985,-0.03898761866640671,-0.0663479458105093,-0.007303002200693395,0.0800563010380859,-0.011787932837576589
2007-01-31,0.044752267034851446,-0.01686574751513354,-0.07817567154312297,-0.03713706276976571,0.05180497904236928,0.02482683401320919
2007-02-28,0.06266374769996386,-0.07507123560638364,-0.05535780686351735,-0.03680288980941491,0.04417825679856839,0.0016446214294983741
2007-03-31,0.10595195608341107,-0.05705026886717929,-0.05264880436461177,-0.02074655955297563,0.1502803704432264,0.04570230979845076
2007-04-30,0.07174964172203312,-0.031366618225458595,0.006691047598452835,0.015326274598861711,0.020428805590053015,0.011308621695992933
2007-05-31,0.02344326549262374,0.12437250596779592,0.07758763672741063,0.046184534199326964,-0.05593659440710839,-0.08380133174527576
2007-06-30,0.09372651969840576,0.008445398656238917,-0.05695647035897355,-0.03831491077266828,0.11152806914630053,0.026165836222104104
2007-07-31,-0.035274934472036515,-0.07125788859684176,-0.0180960135704643,-0.028554041003183595,0.02103992493832414,0.0548362447978305
2007-08-31,0.054826856802839385,0.04298901716010031,0.029893598136072844,0.013463410691547708,0.03766709638222448,0.0001720681703603074
2007-09-30,0.004530861961508673,0.06659191328170146,0.03865796686207241,0.03640685119241944,-0.042109846546998314,0.05468737846928717
2007-10-31,-0.0562857096699461,0.005459562094791206,0.02395626242974551,0.01848262344194443,-0.03238563012074033,-0.03261615864866964
2007-11-30,0.06936352583971929,-0.07335213885396644,-0.00935432034830527,0.049448167063546156,0.07305025285488681,-0.035847565463875415
2007-12-31,-0.1095517235634372,0.04832942527905415,-0.03969366188800336,-0.039375256906825015,0.01416003134807557,0.03756446109482895
2008-01-31,0.057945113250577863,0.003702520420271742,-0.015243465113166342,-0.06411764566502343,-0.026854078980085322,0.059580758179328085
2008-02-29,-0.07165692437878855,0.08681252458358574,0.03563013019302591,-0.05241440930940466,-0.07703097867328554,0.013192239393333603
2008-03-31,0.03520571386409168,0.09766094361511639,0.06158933748534496,0.024329315415115276,0.035370710440677015,-0.008731134567920946
2008-04-30,-0.023791181908920492,0.03573430931088865,-0.00992121366076396,-0.021317368494615546,0.03185183200357659,0.02373000556011988
2008-05-31,-0.12646979226065302,0.08438901341227963,0.03013908400256845,-0.014626425526559773,0.049967269376825,-0.03986136461535377
2008-06-30,0.007078905068541186,-0.010678196980355787,0.0023923979090321825,0.0485409696927417,-0.016547816253720905,0.007433500107415724
2008-07-31,-0.0912819692366564,0.13134381534257034,0.08176880508988467,0.0001784162488025232,0.06423992332083624,-0.028624146821227155
2008-08-31,-0.15665569209221106,0.003669632164042419,-0.0014392648519617804,-0.015901515832125856,0.04495041872980776,0.010052413750537673
2008-09-30,-0.28237551955920803,0.00019434339114619714,0.0020535096680050816,-0.10907367306231218,0.06927710650165934,-0.012317795116389238
2008-10-31,-0.04186329674356785,-0.11774199640358159,-0.08258537040539599,-0.03178125488202415,-0.02808570117698026,0.07839292842791877
2008-11-30,0.10616621138261921,0.0504840562228005,0.05386337649360211,-0.026470427406422813,-0.13550457250549516,-0.017093910819706924
2008-12-31,-0.02561923425673854,-0.13177581764630278,-0.06399017336853599,-0.05074418650777622,-0.025823480922156913,0.04259073316603799
2009-01-31,-0.03164821547228337,-0.07989542630358279,-0.04527569932447287,-0.04418232471976573,-0.022735236107882785,0.03649359746325972
2009-02-28,0.14181041914084822,-0.028686415415427328,-0.02578034053266725,-0.018306891482315794,-0.09734468666780945,0.08539604433533113
2009-03-31,0.19952521852374913,0.1607364008016912,0.029714533843155894,0.016114635213109272,-0.19457839621960715,0.02856243607616113
2009-04-30,0.19153730074629913,0.16206556398997327,0.08472294005318394,0.20564722449980613,-0.2872292501293111,-0.007620486208729049
2009-05-31,0.0009271222468571374,-0.0001301345812765256,-0.005031436783010861,-0.021755198453182155,0.03692659428255349,0.014235080108801507
2009-06-30,0.1025275338897511,0.014019320837445308,0.023668837650940557,-0.036707450239326894,0.030856588031643442,0.041543132671011826
2009-07-31,0.012789977829486135,0.09262294608021153,0.10692505908627599,-0.03525342277365259,-0.09103084858477445,-0.08794867117614306
2009-08-31,0.07448985119241561,0.063067172959154,0.025552323664489278,-0.012064944624600726,0.009470396808407996,0.015944380228035834
2009-09-30,0.007695154384625169,-0.038204705908422086,-0.03469343471820786,0.028742902951033208,0.05636453479279405,-0.008508963540269835
2009-10-31,0.04189068428137217,-0.06184583156575023,0.004594616682402044,0.004330613897117381,0.034640884501040685,0.005680043553002776
2009-11-30,0.06525237873559915,0.04031860134178471,0.03613771039782946,-0.04508059061579711,0.0875098174336498,-0.03879135809839956
2009-12-31,-0.005103331249209501,0.01731513040535933,-0.0007246867455749811,0.003985423279216115,-0.011427266341876267,-0.07689933975196477
2010-01-31,0.005922768648186573,-0.039232150203804016,0.008219555365657874,0.02060387075146069,-0.008704732016516165,0.01758524591069797
2010-02-28,0.07225593325844117,0.03895555208994028,0.04505021155322771,-0.004824778589549245,0.07597510267272337,0.002545194846739123
2010-03-31,0.0292608422380003,0.06904210525300501,0.07117251792096502,-0.04932388820788267,0.1052298108787148,-0.07930720632606938
2010-04-30,-0.10041011198455148,0.0045137674033531305,0.02494775330987874,0.020663431120199346,0.024680393134867702,0.002635887233825549
2010-05-31,0.0035056042725962596,0.05775614262349925,0.05182349096734302,-0.030444663353575468,0.04516265369536059,-0.049620793713028154
2010-06-30,0.08536690111963231,0.0020964195701578133,-0.014175142291622264,0.01621726840428171,-0.016923082951027575,0.028250765125807212
2010-07-31,0.012111841883269425,-0.02937754144194552,0.008663043770167248,-0.011213845628429276,0.025876435651543746,0.035209092177791446
2010-08-31,0.08647588948873773,0.045244395729257265,0.03628063773739188,0.03224616200603448,0.02009368977777856,-0.005619609573806017
2010-09-30,0.046594501329834635,0.016267374040803428,0.00575411423928064,0.0057643462126906915,0.010617407597720374,0.03635919826121674
2010-10-31,-0.04214085753759972,-0.03673345698983774,-0.006829399383659991,-0.005258947282882732,0.026002109908637248,0.03414757294167251
2010-11-30,0.047579834610256916,0.07246497772830245,0.017806422332648,-0.016784394443617196,0.02313313703621336,0.01568038308934061
2010-12-31,-0.03240435295795624,0.03710237231501752,-0.015999912341440128,-0.06892726677992284,-0.0030863460446606777,-0.00031960633457917285
2011-01-31,-0.012854013642769894,-0.07285012258438466,-0.023809386846555758,-0.009765184571734588,0.00263241767779712,0.044745670191295016
2011-02-28,0.03444493923842052,0.038366503781842615,0.019841158131090306,0.0010714071519863566,0.04704054296508322,0.009194290054778538
2011-03-31,0.03700394128573337,0.04031293789170805,0.020264028986358578,0.004335264872814711,0.034726088017319356,-0.04988258110687925
2011-04-30,-0.04141822949915078,0.03686802041007256,0.04253274973715384,-0.013728759582249462,0.04084125105043856,-0.0019867121624971206
2011-05-31,-0.0021904305271867016,-0.019264511517602244,-0.008923508496768923,0.002491127607742592,0.01373458130112592,0.006212354240643145
2011-06-30,0.0308353427488106,0.008503648256527791,0.02168603890014258,0.0233564548614472,0.04183578429996809,-0.04578557851258021
2011-07-31,-0.09102005300300542,-0.053989354784560566,-0.014836857866288345,-0.00013526491589398295,0.05150414898691122,0.02953820013742159
2011-08-31,-0.1164802503808706,0.01264206797562788,0.011667364579614465,-0.02440736005907885,-0.04341399999623981,-0.011376573407033203
2011-09-30,0.07080769174488058,0.036400190587707375,0.0026334324770457304,0.018763014537549215,0.033769480893406985,0.0013242958464704353
2011-10-31,-0.07215859865620768,-0.020939156271242224,-0.025104007636002075,-0.029587353713200294,0.10835640552714387,0.000987196936741637
2011-11-30,-0.04004815357501186,0.08432721118520886,0.033755171061382726,-0.009040202057289077,0.09848406604417535,-0.02263753009909185
2011-12-31,0.11146588239969299,0.1366425770341339,0.07546245717543311,0.0016205457849312952,-0.11472267482415477,-0.0636735874920254
2012-01-31,0.09495504875814734,-0.044211408997891624,-0.02569787347260013,0.016405845211498696,-0.06485757988085936,0.010103150280834713
2012-02-29,-0.0375089492220156,-0.006567738384724483,0.010814695552636618,-0.027534802243013527,0.0916826645494286,0.0016474840917737655
2012-03-31,-0.0034370639894880637,-0.03141004492101717,0.004706861343517926,0.008275559884939453,0.005033942203104882,0.016517615207060896
2012-04-30,-0.0709497658162572,-0.05032915720871,-0.032201283501788996,0.030601938981559607,0.039887447037065676,0.02697360828301264
2012-05-31,0.02053641821644549,0.05013791508950747,0.04337957513560947,-0.021432972967820416,0.020586770244343616,-0.03284519611082729
2012-06-30,-0.014412915123947961,0.060430964389068316,0.04682103851931101,-0.02832371035240162,0.07555851995166248,-0.0382672637467044
2012-07-31,0.02020708848746007,-0.006281431650794469,-0.004809003271938907,0.007273205170647125,0.04687605026119707,0.003582672800786675
2012-08-31,0.06340198605873758,0.06714133518221804,0.04852456427664563,-0.023718693280819866,-0.04356974555034094,-0.019280291851548042
2012-09-30,-0.00769017368610072,0.012320921475461528,0.007613538877199944,0.021767887348833035,0.025210084072499618,-0.01767143010199914
2012-10-31,-0.015823151856708458,0.06589780050444222,0.04060007001634388,-0.03567662303760438,0.062375674398511036,-0.026938620742573624
2012-11-30,0.055813821425996155,-0.016680651486294853,-0.028477571044950446,0.03061192227507113,-0.060236274628652,0.08626492850484184
2012-12-31,0.03189924962436958,-0.018229729516962962,-0.03261630262963306,0.0014767269173567978,-0.006219018177599954,0.010929353256810074
2013-01-31,-0.0072542598450749726,-0.04556688909282045,-0.02562328682168014,0.04646529122758084,0.04426924913790097,0.05079466941497122
2013-02-28,-0.015640277188998165,0.003934393213495342,-0.00012644421283883,0.032105252965025456,0.04809289766338492,0.020675744023290556
2013-03-31,0.01716558263697356,0.04916924001845056,0.02588430924861045,-0.023394588556206655,0.06448303588441995,-0.016698991697970754
2013-04-30,0.027869648684764905,-0.029576136247998007,-0.07534787370277968,0.025970352948177695,-0.00024143241579950732,0.06996245615996155
2013-05-31,-0.08810837880810754,0.015189457706775364,0.023420400702454425,-0.0037455786322879506,0.05039764366537329,-0.056646044100959816
2013-06-30,0.018963709486199732,-0.040906145818110154,-0.04178659497197913,0.028447695184504518,0.037845311040173926,0.010319698429472383
2013-07-31,-0.025825416369690574,-0.024451989650383938,-0.04362288142396126,-0.0010841432874409407,-0.011981342182805948,0.08664816782692523
2013-08-31,0.07137051090145753,0.018586865567978717,0.006243364671040433,0.00044531804846524337,-0.009031423580323458,-0.021213563461541057
2013-09-30,0.040123335878840434,0.052084256364433645,0.04710614334963462,-0.02569823490906229,-0.01329944726199286,-0.03921510399445597
2013-10-31,0.0071751994198155375,-0.011066419491711547,-0.01313413588567428,0.028436264799666242,0.01795385424395048,-0.0013200186114835594
2013-11-30,0.00634482265766603,0.02473357005220586,0.03686088232785173,-0.00695819729763904,-0.014619511750423074,-0.04660426226739766
2013-12-31,-0.004448232659343404,-0.02221494384042067,-0.029895299284214836,0.006920044376357213,0.05555302696836831,-0.06390506779492991
2014-01-31,0.04522924988061361,-0.00039241858524442184,0.016294592618320954,0.008531722206904449,0.022252235195323856,-0.02511940619410132
2014-02-28,0.02765616655360956,0.058707523916383564,0.06461796916895429,-0.021533676257383626,-0.04175739489944334,-0.009535232128400519
2014-03-31,0.027693320731481622,0.04467210504087304,0.029840077626422355,-0.007132008463568337,-0.042665943111887775,-0.04781843640185106
2014-04-30,0.060511208454256046,0.05678758491629756,0.04309293692366144,0.01577119481383262,-0.024437083070885605,-0.0756956987240911
2014-05-31,0.05351240351761838,0.02060841939896166,0.030356068826928415,-0.0007153444442159924,-0.0056741633648958985,-0.10041702518524426
2014-06-30,0.014356618768162127,0.0002123126511157307,0.005813319932529885,0.015227707383141807,-0.014446175158775129,0.04727262985476219
2014-07-31,0.0301874621026863,-0.007295564198689802,0.02816247979467116,0.01446684040657281,0.02645285827134177,0.011424876010863281
2014-08-31,0.017810926715488992,-0.060946658828801646,-0.022253848877973475,0.018754571043320165,0.03994954730358023,-0.024633416374037646
2014-09-30,-0.00717933055981515,-0.021151026767363853,0.011345302994806575,-0.011945519897980046,0.027613675654510925,-0.005175064749619192
2014-10-31,-0.0001412828528133877,-0.0243707676429429,0.011586656254140997,-0.009478488273334446,0.02079543716729922,-0.0030266853049016654
2014-11-30,-0.028966846663486433,0.036721570571677506,0.04184580479576391,-0.0020535781298354604,-0.007014453438335102,0.016202980725280366
2014-12-31,0.033961190870476665,-0.02757954468559501,-0.001579221393336025,0.005013969959951059,0.07358049679624624,-0.022797780023004133
2015-01-31,0.03134061419460322,-0.015222287359896182,-0.0237422361198883,0.023911734972172857,-0.02449356370732457,0.04387648407339709
2015-02-28,0.021814969198646884,-0.11511079196269455,-0.08149711092462793,0.04963962969160049,0.0020267970113146874,0.12968697193116416
2015-03-31,0.06599177241482466,-0.008714484130244369,-0.055886402416434215,0.020235505944814706,0.03737360702899132,0.05716231481716669
2015-04-30,0.03139153845860531,-0.1428337776276454,-0.07243422858869153,0.027449066303916643,0.1080366755500744,0.07636486724195193
2015-05-31,-0.03236951273222326,0.040461491074242385,0.04561565457431867,-0.02060683435860476,0.017324528894526153,-0.06540900927081002
2015-06-30,-0.026551309490998216,0.060526414546821034,0.11871022600639602,-0.03044275168568264,-0.0007499643853908486,-0.2053416844151379
2015-07-31,-0.10105830136091651,0.036115181404369284,0.049065157185085674,-0.018883934400287787,0.014997466401353297,-0.08729434030978195
2015-08-31,0.00670641819637169,-0.0028149257570919506,0.0020724368588007137,0.028638680505225843,-0.011915271244838752,-0.05602425595659006
2015-09-30,0.09123658489448896,-0.061947962845265596,-0.07442513877739379,0.04196375587996952,0.004445224873993285,0.06922892090762411
2015-10-31,0.011849322631582062,-0.07916936154302247,-0.031026606737255623,0.03914482265711087,0.03638956264062121,-0.020561285845589094
2015-11-30,0.025057726231472552,0.00032623897550188724,-0.006630847664789222,0.015981817053955124,0.03699538112441571,-0.06854076583336564
2015-12-31,-0.09128972180151876,0.10151119269604003,0.10144503271461242,-0.05033859261910808,-0.05274849764017102,-0.16571388103606136
2016-01-31,-0.02220726948283957,0.032835240904737675,0.004190670035445055,-0.030964793980903627,-0.08859411682096459,0.08307771000289395
2016-02-29,0.11931997406626758,-0.01105586677563672,-0.030721589180321755,0.017025388151742392,0.006645801684297306,0.11487099542614997
2016-03-31,0.02275812919538025,0.042739898596856764,0.02725911336859445,0.0005530223575495437,0.0016873810248151835,-0.03550087576838736
2016-04-30,-0.02918260144350299,-0.009353232621599797,0.013659075309400082,0.026877244142854327,0.025331396914172976,-0.022066127866342235
2016-05-31,0.033613147505767924,-0.014651419567099819,-0.005018513777390418,-0.0002883438350883623,0.008764380404974733,0.01613003779823391
2016-06-30,0.04274090795670275,0.04948483965553617,0.04154906638677664,-0.013638857373771757,0.007034446885556769,-0.025484082113843887
2016-07-31,0.012619031333361513,0.004939396423245971,0.006921672035121523,0.005254476348250403,0.008345077362600256,0.015566511320645298
2016-08-31,0.012150266953237267,0.0211521769102625,0.012695722361898793,-0.0009290250807120568,0.026639956521053044,-0.039387018485043
2016-09-30,0.012664814164171659,-0.004288070085780765,0.02882414094063474,-0.012296582701507344,0.03178009026319094,-0.06428477428735285
2016-10-31,-0.04052625592146247,-0.006868256109847419,-0.026258324658181006,-0.0010964314647453237,-0.01925026430884202,0.0516167588994614
2016-11-30,0.0036706853907388847,0.04293227968475186,0.02397980580983012,-0.003272366339657058,0.021397014113971612,-0.045373676376743735
2016-12-31,0.04668837991141756,0.07110624380675794,0.033224891992069974,-0.00865387324709678,0.03558794512230156,-0.06571847959642244
2017-01-31,0.04319646452874759,0.02582506880641293,0.030100247950914184,-2.6925419638116194e-05,-0.011023948048353447,0.0051234941203267105
2017-02-28,0.025511469201636532,0.03658830892532819,0.04642437762950114,0.013406738112361672,0.02117007675354024,-0.050382629466812254
2017-03-31,0.013158661633525878,0.06542377629692234,0.057510363353972305,0.005218893042284087,0.03558587496722129,-0.08779267392668991
2017-04-30,-0.007832794058086507,0.055852291020239184,0.05274513617439902,0.010211663230124792,-0.00956110435130781,-0.02112028704439403
2017-05-31,0.012891831269561144,-0.009780111636442752,-0.0016487346091072221,-0.0011202520591508326,0.013730319979187146,0.025466167599600638
2017-06-30,0.020936553712340034,0.04589981384592083,0.026305200923938798,-0.03125543768491808,0.03547491352877256,0.0015064836534164313
2017-07-31,0.0133282424485912,-0.016340579437938856,-0.011436059696048896,0.0019057218402959146,0.01617754667140887,0.06498448370868956
2017-08-31,-0.0062752033104578695,-0.008455347921251048,-0.006144063689679444,-0.00478428783830183,-0.002349020726280669,-0.0032448522307803687
2017-09-30,0.027673318138222287,0.01983322072828726,0.03364738778039694,0.028186285588505135,0.057921860112239106,-0.05676328568496886
2017-10-31,0.0028245485240292047,0.03645570235161576,0.046296596702445604,0.011581635696092265,0.03315643448303008,-0.06647380981356356
2017-11-30,0.032272592717329324,0.012940381041007925,0.017607803271375642,0.0015602596039795788,0.048007555707282976,-0.03511393909854383
2017-12-31,0.045765436500811274,0.07782323922623054,0.015231308243639113,-0.0012676482206127302,0.009243973469786644,-0.02734561107794431
2018-01-31,-0.040458465913002666,0.014075048088454537,0.01919147439240133,0.005200339573575577,0.01669123507878564,-0.021165599388350963
2018-02-28,-0.00241309898076245,-0.05751093631581383,-0.036317843288279535,0.005203790509384956,-0.06491202796677402,0.06686603636475759
2018-03-31,-0.009010904611864302,0.01592408856774243,0.020189660799318856,0.004599648227985439,0.04940661694009715,-0.03340788384469763
2018-04-30,-0.040187338734187804,0.01642498979491312,-0.004494719819865953,0.028090299322031012,0.024896090113467585,0.028923319792700044
2018-05-31,-0.0707532305564327,0.03847554826385031,0.027140455082390068,-0.009361561204311529,0.03027583128197743,-0.05770020467451862
2018-06-30,-0.0025523120988743897,0.0404607275985523,0.039564399472556404,-0.007283679090384908,-0.01073762131482838,-0.00286141998791503
2018-07-31,-0.03253970806402521,0.01922706501315481,0.016395674963531157,-0.014896688592249012,0.0712669665812183,-0.04998432367248106
2018-08-31,-0.02825894159091588,0.04032772948425623,-0.03169086148643501,0.009979817116299984,0.00311756653050603,0.04436406876741085
2018-09-30,-0.0933579301003072,0.029341045683188745,0.054555317861414585,-0.03787262020865846,-0.046765896793164424,-0.03995658829046654
2018-10-31,0.053518575243173376,0.012027358136497995,0.003207782653732313,0.0018828792267968455,-0.02079523340353116,0.0013667844516939266
2018-11-30,-0.009955637630341633,0.005913191128178483,0.01771185984955563,-0.01465969827284757,0.016998428908148525,-0.026508845051187765
2018-12-31,0.026288891262765436,0.07209834877860409,0.01853766577543297,-0.02024519459271625,0.053089256180189066,0.03315613052146673
2019-01-31,0.047381891788976435,-0.04940092712542957,-0.07512105151144827,0.02722914108040803,-0.10143729336854654,0.16981026720187603
2019-02-28,0.03368328304723808,-0.0377935620614747,-0.0020465021536437825,0.025343350025563646,-0.05761211300506971,0.03287100915456825
2019-03-31,-0.009382328655084824,0.0366237193225145,0.014965460115965014,0.0024954904416293494,0.02880483412408791,-0.021393443097437497
2019-04-30,-0.047026759230085244,0.005838357704024286,0.029597927983437577,0.014217892661461628,0.028171812136276526,-0.05267245448256666
2019-05-31,0.016689916409843384,0.022127821762539298,0.01132881786535364,-0.027833279411513583,0.05030489273763897,0.030818065876064088
2019-06-30,-0.03154871846728932,-0.002332109670340896,0.009221030125581979,-0.04045916862513762,0.03531605765423487,0.013332919470142408
2019-07-31,-0.04464973266980449,-0.018792238654981284,0.0029022570779647047,0.009795240240446007,0.03614186673058414,-0.019843910225752676
2019-08-31,0.023462419484247404,0.0038848736584361746,0.02756838600054001,-0.0009067686784478339,-0.008704757847870538,-0.019506612108663477
2019-09-30,0.012066392141648417,-0.006105115885029772,0.0038279177933147205,0.0062699995650063,0.02310649507950164,0.010611452409017426
2019-10-31,-0.010766381727402335,0.023630865084516967,0.013429879206438396,-0.019703496868842908,0.010815439263220322,-0.01775241212590152
2019-11-30,0.052675985310896296,-0.0026542075219004252,-0.0049800343241397805,-0.012445793101429244,0.014753389706091665,0.05835693086035225
2019-12-31,-0.009239453692093155,-0.047884079497265725,0.01762324242337971,-0.015211123796556704,0.01734161494877668,-0.06814405679944409
2020-01-31,-0.059862300162527894,-0.03981861824121155,-0.02115976542756631,-0.004814609913164841,0.06750079012381945,0.0012590451936488809
2020-02-29,-0.16511759330947406,-0.10104412873177479,-0.07788765152037523,-0.024980563108397462,-0.011249882028639656,0.04072301467563263
2020-03-31,0.13348927382561318,0.07712105193956711,0.05845419821798752,0.021488988580098397,-0.015922793311881806,-0.10176612460876511
2020-04-30,0.03569131965212394,-0.031232573718098594,-0.009329581452324917,0.019232322674297798,0.022953228784498722,-0.06173736797589368
2020-05-31,0.10465726927083133,-0.020328025919932574,0.021303914493808727,-0.012445342203348872,-0.07118062937383005,-0.10439365712736405
2020-06-30,0.07744651936547166,-0.035485301680719464,-0.019689613273457793,-0.011813411065251115,0.07748486795438704,0.03222393591778262
2020-07-31,0.06478717842265098,0.021436311813111494,0.00837148648937439,0.009281627531309237,-0.03236791719098935,-0.07401370153147364
2020-08-31,-0.007399665670610778,0.018828533032263284,0.013001399937883018,0.014213052363779313,0.020019110764731812,-0.07735023719791373
2020-09-30,0.0032087808894416202,0.013805421286300114,0.0002913173022160673,0.005868248142456358,-0.014809698905468325,0.009162608639879355
2020-10-31,0.10471336043664475,0.0876080179452397,0.04419645606300125,-0.017558682802368605,-0.03803639237636083,0.011329710390369561
2020-11-30,0.06927427636253501,0.09151704348217082,0.05318820900140368,-0.047981991899845526,-0.0025741009531896992,-0.10910388028615495
2020-12-31,-0.00020205889980998487,0.009377094387532123,0.05663135863614559,-0.00454329517894498,0.03501724648209149,-0.12543564773450236
2021-01-31,0.041822548730749004,0.039554535939252886,0.002366649077689806,0.0060164413804421136,0.018614824275180655,-0.024229249780117586
2021-02-28,0.024205760699545265,0.06734282134493674,0.021437022392225332,0.004919297788775849,0.004158995552205096,-0.01581022596891856
2021-03-31,0.05086218811992559,0.06621384674732321,0.014405400444264275,0.015124264626456172,0.0648549418618323,-0.021512274641892485
2021-04-30,0.05914739415661884,0.023756496203492117,0.017527137794033247,-0.06307290719890458,-0.018264206784945558,-0.031071417714374966
2021-05-31,0.038596011404220046,0.007589884728479739,0.001044362227769151,-0.02742129495223512,0.021299333203037583,-0.0789087013503965
2021-06-30,0.02354799063587226,-0.015816958321241373,0.023888213229660196,-0.029698128062465433,0.046394133872390254,-0.1166428353760111
2021-07-31,0.020658359448966233,0.017452777286290907,0.016843647095247813,-0.0010618142145407614,-0.03704974646025779,0.0449535059638008
2021-08-31,-0.007437542832165451,0.041760451434006994,0.006485076762408561,-0.002736944484848047,-0.009025583153476565,-0.04463738901580135
2021-09-30,0.006581962460614476,0.02220249078134883,-0.00467000528308343,0.00417135819112816,0.03307003990897052,-0.037686585333222986
2021-10-31,0.012236657269569599,-0.054705373319164835,-0.041564934368170346,0.06422500632357807,-0.023333151724853868,0.01382873594608428
2021-11-30,0.0736837045261758,0.05075762144985035,0.006503057108686159,-0.013638716864631972,0.05921902679443326,-0.12315615196060457
2021-12-31,-0.022894531369970224,0.07394768221637643,0.05675951022363554,-0.0511947278582703,0.02396528170445686,-0.14238011918296342
2022-01-31,-0.005412777533322804,0.026595565948173285,-0.030465077188711782,0.008168386014929672,-0.012745178988038943,0.11236610745939984
2022-02-28,0.005455234018938657,0.06311518830691949,0.04712168153526389,-0.026444386129062577,0.016774084244669207,-0.04745284398367146
2022-03-31,-0.05268202085566339,0.08672271425083865,0.09495640554528363,-0.03600818666223682,0.05194920242567982,-0.18051282583020592
2022-04-30,0.0018322866597633967,0.00020398786819347803,-0.043644666393774956,0.03513965180657972,-0.018619509337209246,0.11587880866215358
2022-05-31,-0.048319344988818305,-0.05265698599918429,-0.05454775894565931,0.04765452677357502,-0.015651947601172393,0.06562952353264159
2022-06-30,0.028463193761042834,-0.003946242584090803,-0.00046144670247450387,0.02192121459708281,0.014363739697478322,-0.012571900234235982
2022-07-31,0.014677740750962355,0.019498312144190937,0.04128225384354447,-0.013134674213079628,0.01675065985186634,-0.10374153943849268
2022-08-31,-0.085468761283605,-0.009675318319112418,0.042812690014410175,-0.01933545270821433,0.09035496220633346,-0.11970282669518557
2022-09-30,0.007719032801374108,-0.007413066944916943,0.015502930081913443,-0.00604847301921135,-0.01371545486354532,-0.008950077105600413
2022-10-31,0.09395866195448124,0.042512829526367195,0.02517057522052549,-0.037616229466535554,-0.0643864929299157,0.043602857825261604
2022-11-30,0.00046222826116614185,0.012339171203107261,0.015351795615772393,-0.021814922729714862,0.009214775068709165,-0.04621440432856536
2022-12-31,0.05953682535838908,0.011060688189106237,-0.024510788911985472,0.02907836737381891,-0.06382703676859866,0.03434399027192891
2023-01-31,-0.02886044204578388,-0.02126663779033863,0.00318836491957424,-0.008410740529610097,0.011860671308795295,0.03963682039967092
2023-02-28,-0.004413409879584366,0.0005042748895240248,0.006228798336087053,-0.006229865029003963,0.014731754043901068,0.030485301159451594
2023-03-31,0.012970675718112766,0.03384803216680008,0.023427251873154004,0.035525209058149605,0.014739554046081349,-0.11537698134727789
2023-04-30,-0.0014659690330802871,0.0063221617852091275,0.01396414982798115,0.010467217061079117,0.016509869197632424,-0.03976856415129832
2023-05-31,0.021755124132402912,0.005332736508214327,0.029210913245408077,0.01274055342496301,0.016040645274079533,-0.04083200954375619
2023-06-30,0.03098942215603657,0.041120918610142575,0.0447142272944713,0.011860176855568925,0.012804955101320964,0.007936886807218164
2023-07-31,-0.009132480867528164,-0.009714488056045745,0.028887952117813677,0.020788280122829843,0.02411492417178037,-0.11243315945431132
2023-08-31,-0.014803191412544686,0.0012252073787363195,0.016518722891110123,-0.018538786502388983,0.004925666231235116,-0.03283635204070433
2023-09-30,-0.027987933927625806,-0.01653878604731275,0.00771937307647838,-0.012934308485909922,0.010368796128783872,-0.04572317054392077
2023-10-31,0.07449719376506192,0.0030178247386664207,-0.006062036020926072,-0.01931516617655361,0.04138233703657015,-0.012359572063743898
2023-11-30,0.025840339768958453,0.037417596148725515,0.02169185318965804,-0.006766563675927912,0.0207592235256196,-0.05571272400874567
2023-12-31,-0.032947234358704475,0.06250703315096276,0.12531006570709896,-0.006675995346504521,0.09549558175175699,-0.25207252869481267
2024-01-31,0.024472364647103156,-0.03529808980420226,-0.008652467900175008,0.010676315254720473,0.027177966815614248,0.03506469186528121
2024-02-29,-0.0176854439420414,0.024601638188564756,-0.01597689768953743,0.02153353186687375,-0.05614661699366167,0.08552517533717731
2024-03-31,0.008421438704177818,-0.007031712640218954,0.03980941252757362,0.017965080897128474,0.1083895148316778,-0.05331856085958679
2024-04-30,-0.0013187373069492923,0.04051614721200815,0.031603418778974095,-0.010905297089914286,0.01592772972978633,-0.025811414190322044
2024-05-31,-0.006820666525661713,-0.011409560108609731,0.046421685524735905,-0.01149323268742805,0.12680289471717965,-0.09136875485639169
2024-06-30,0.018174441889504553,0.0019304861222080342,-0.0019170098909580184,-0.026187066047051337,0.024595698901535266,-0.04440739076264826
2024-07-31,0.010870676697397694,0.01842409206385103,0.03394983060732999,-0.015977431946150526,0.004720404987419363,-0.0719321800442164
2024-08-31,0.07535830068534694,-0.01984424918504334,-0.05980265806916094,-0.030428023858075227,-0.13812571978326052,0.13963468226931305
2024-09-30,-0.01770351362918205,-0.0669284229513625,-0.06237781173962305,-0.02065447771797326,-0.023517141257864346,0.031154150990283774
2024-10-31,-0.014084444433048597,-0.01696456322987009,-0.013569537209045609,0.017251297011949003,-0.01017938850156479,0.011468606443997154
2024-11-30,-0.019998546148500114,0.0034145869899171,0.03519768787664007,0.025698926776357905,0.049034659799210185,-0.07554016085452767
2024-12-31,-0.014431868584664949,0.040320592173739574,0.013030152443076558,-0.022055279995384855,-0.05222370906189843,0.014339651225028343
2025-01-31,-0.01841635901618853,0.014113382960073055,-0.07672087234975115,-0.033579869040737016,0.004704906185000481,0.12252911086082775
2025-02-28,-0.014428074882523128,0.023493884334737123,0.04195588563710899,0.003941397726044839,0.04699699493554812,0.012978578688469843
2025-03-31,0.0278212246826013,0.021512621046644743,0.03423952720731733,-0.002349060209341893,-0.03391521089545441,-0.09460123698767259
2025-04-30,0.05116140475337524,-0.0022118196186251843,-0.006196676634460092,-0.01959935893297189,-0.014728975543136983,0.02194664276923395
2025-05-31,0.03614793691000664,-0.028042804720195397,-0.024274547425981743,-0.008416872904193587,0.01761128750778558,0.040203799203782475
2025-06-30,0.012286900491961121,0.011967940609826587,-0.02452959038750207,0.013025725142923857,0.029368962718435844,0.018715479839365827
2025-07-31,0.03391772531152653,-0.006637810033321593,-0.04459898303907872,0.003171490144519738,0.08547485014168353,0.0335270569273869
2025-08-31,0.01625095126011259,0.009824328822650889,-0.0033985219170583904,-0.005435446254779198,0.01076100927165267,-0.017082937982555238
2025-09-30,0.004831029665352691,-0.009557642514459945,0.0044283385906898655,0.007376765293679395,0.024165532324867112,0.0031167723210611194
2025-10-31,-0.021070831052352412,0.018185144822708527,0.0008826227362283139,-0.02362495645643634,0.04760832234789401,0.010471240938784768
2025-11-30,0.014541307838904902,0.028308154515843124,-0.007487684996534982,0.004704137639421009,0.06074866716105139,0.01946605642376386
2025-12-31,0.022961527339080356,0.057823094129695905,-0.047545901360578936,-0.006950223432688508,0.11421233574668577,0.10954155440862481
